<?xml version="1.0" encoding="UTF-8"?>
<project-private xmlns="http://www.netbeans.org/ns/project-private/1">
    <editor-bookmarks xmlns="http://www.netbeans.org/ns/editor-bookmarks/2" lastBookmarkId="0"/>
    <open-files xmlns="http://www.netbeans.org/ns/projectui-open-files/2">
        <group>
            <file>file:/D:/learn%20programming%20file/Java/Shirihan%20project/JavaApplication1/src/javaapplication1/Balance.java</file>
            <file>file:/D:/learn%20programming%20file/Java/Shirihan%20project/JavaApplication1/src/javaapplication1/Deposit.java</file>
            <file>file:/D:/learn%20programming%20file/Java/Shirihan%20project/JavaApplication1/test/test/WithDrawsTest.java</file>
            <file>file:/D:/learn%20programming%20file/Java/Shirihan%20project/JavaApplication1/test/test/DepositTest.java</file>
            <file>file:/D:/learn%20programming%20file/Java/Shirihan%20project/JavaApplication1/src/javaapplication1/Transactions.java</file>
            <file>file:/D:/learn%20programming%20file/Java/Shirihan%20project/JavaApplication1/src/javaapplication1/WithDraws.java</file>
            <file>file:/D:/learn%20programming%20file/Java/Shirihan%20project/JavaApplication1/src/javaapplication1/mainMenu.java</file>
            <file>file:/D:/learn%20programming%20file/Java/Shirihan%20project/JavaApplication1/src/javaapplication1/SignUP.java</file>
            <file>file:/D:/learn%20programming%20file/Java/Shirihan%20project/JavaApplication1/src/javaapplication1/LOGIN.java</file>
            <file>file:/D:/learn%20programming%20file/Java/Shirihan%20project/JavaApplication1/src/javaapplication1/Start.java</file>
        </group>
    </open-files>
</project-private>
